detail_link,name,date,location
https://xn--ok0b236bp0a.com/place/3828,오크밸리 3D 라이팅쇼 '소나타오브라이트',2022.01.01 ~ 2024.12.31,강원도 원주시 진행중
https://xn--ok0b236bp0a.com/place/3822,제주 허브동산 별빛놀이,2022.01.01 ~ 2024.12.31,제주도 서귀포시 진행중
https://xn--ok0b236bp0a.com/place/14890,수원화성의 비밀,2022.01.01 ~ 2024.12.31,경기 수원시 진행중
https://xn--ok0b236bp0a.com/place/24463,광안리 M(Marvelous) 드론 라이트쇼,2022.04.02 ~ 2025.12.31,부산 수영구 진행중
https://xn--ok0b236bp0a.com/place/2233,"근현대사 추리여행, '사라진 열쇠를 찾아라'",2022.04.23 ~ 2024.12.31,서울 강북구 진행중
https://xn--ok0b236bp0a.com/place/3692,월미도 불꽃크루즈,2023.01.01 ~ 2024.12.31,인천 중구 진행중
https://xn--ok0b236bp0a.com/place/3654,태안 빛축제,2023.01.01 ~ 2024.12.31,충청남도 태안군 진행중
https://xn--ok0b236bp0a.com/place/27227,창덕궁 깊이보기 -심화해설-,2023.12.01 ~ 2024.12.31,서울 종로구 진행중
https://xn--ok0b236bp0a.com/place/28056,매직 미디어쇼 폴리팝(두들팝ver.2),2023.12.02 ~ 2024.12.31,부산 기장군 진행중
https://xn--ok0b236bp0a.com/place/27904,<청와대 국민과 함께> 영상전시,2023.12.28 ~ 2024.12.05,서울 종로구 진행중
https://xn--ok0b236bp0a.com/place/3847,수문장 교대의식,2024.01.01 ~ 2024.12.31,서울 종로구 진행중
https://xn--ok0b236bp0a.com/place/25933,남산봉수의식 등 전통문화 재현행사,2024.01.01 ~ 2024.12.31,서울 종로구 진행중
https://xn--ok0b236bp0a.com/place/3634,김포 불꽃크루즈,2024.01.01 ~ 2024.12.31,경기 김포시 진행중
https://xn--ok0b236bp0a.com/place/3804,안산별빛마을 애니멀 & 하트빌리지 빛축제,2024.01.01 ~ 2024.12.31,경기도 안산시 진행중
https://xn--ok0b236bp0a.com/place/3648,여수 야경불꽃크루즈,2024.01.01 ~ 2024.12.31,전남 여수시 진행중
https://xn--ok0b236bp0a.com/place/27734,한국의집 고호재,2024.01.01 ~ 2024.12.31,서울 중구 진행중
https://xn--ok0b236bp0a.com/place/3451,허브아일랜드 불빛동화축제,2024.01.01 ~ 2024.12.31,경기 포천시 진행중
https://xn--ok0b236bp0a.com/place/3493,서울랜드 불빛축제 루나파크,2024.01.01 ~ 2024.12.31,경기 과천시 진행중
https://xn--ok0b236bp0a.com/place/3530,별빛이 흐르는 정원,2024.01.01 ~ 2024.12.31,경기 파주시 진행중
https://xn--ok0b236bp0a.com/place/26554,생생국가유산 중랑구 체험학습 (생생문화재),2024.01.03 ~ 2024.12.07,서울 중랑구 진행중
https://xn--ok0b236bp0a.com/place/3839,토요명품,2024.01.06 ~ 2024.12.28,서울 서초구 진행중
https://xn--ok0b236bp0a.com/place/27963,숭례문 파수의식 / 원데이! 파수군,2024.01.06 ~ 2024.12.14,서울 중구 진행중
https://xn--ok0b236bp0a.com/place/27270,낭만등불축제,2024.04.30 ~ 2025.05.01,경기도 남양주시 진행중
https://xn--ok0b236bp0a.com/place/28159,K-푸드 페스티벌 넉넉,2024.05.29 ~ 2025.05.31,서울 종로구 진행중
https://xn--ok0b236bp0a.com/place/28310,한국-캐나다 무용 공동제작 프로젝트 〈BODY (몸)〉,2024.09.01 ~ 2025.03.07,서울 마포구 진행중
https://xn--ok0b236bp0a.com/place/28580,계양 빛축제,2024.09.23 ~ 2025.01.31,인천 계양구 진행중
https://xn--ok0b236bp0a.com/place/27700,서면 빛 축제,2024.10.02 ~ 2025.01.10,부산 부산진구 진행중
https://xn--ok0b236bp0a.com/place/28552,남동 빛의 거리,2024.10.22 ~ 2025.12.31,인천 남동구 진행중
https://xn--ok0b236bp0a.com/place/28566,연제오방맛길 빛 축제,2024.10.25 ~ 2025.02.10,부산 연제구 진행중
https://xn--ok0b236bp0a.com/place/27118,"호수의 가을과 겨울,그리고 루미나리에",2024.10.25 ~ 2025.02.28,서울 송파구 진행중
https://xn--ok0b236bp0a.com/place/28593,"명동스퀘어 오프닝 세레모니 2024 Light Up SEOUL, KOREA",2024.11.01 ~ 2025.01.31,서울 중구 진행중
https://xn--ok0b236bp0a.com/place/23977,관악별빛산책,2024.11.11 ~ 2025.02.09,서울 관악구 예정
https://xn--ok0b236bp0a.com/place/28581,더에테리얼월드(홍대),2024.11.15 ~ 2025.02.02,서울 마포구 예정
https://xn--ok0b236bp0a.com/place/3501,이월드 일루미네이션,2024.11.16 ~ 2025.02.20,대구 달서구 예정
https://xn--ok0b236bp0a.com/place/3495,휴애리 동백축제,2024.11.16 ~ 2025.01.31,제주도 서귀포시 예정
https://xn--ok0b236bp0a.com/place/28576,2024 제주비엔날레,2024.11.26 ~ 2025.02.16,제주도 제주시 예정
https://xn--ok0b236bp0a.com/place/27800,광화문 마켓,2024.12.13 ~ 2025.01.05,서울 종로구 예정
https://xn--ok0b236bp0a.com/place/3445,서울 빛초롱 축제,2024.12.13 ~ 2025.01.12,서울 종로구 예정
https://xn--ok0b236bp0a.com/place/3587,울주 간절곶 해맞이 축제,2024.12.31 ~ 2025.01.01,울산 울주군 예정
https://xn--ok0b236bp0a.com/place/3680,얼음나라화천 산천어축제,2025.01.11 ~ 2025.02.02,강원도 화천군 예정
https://xn--ok0b236bp0a.com/place/3673,2024 코리아그랜드세일,2025.01.15 ~ 2025.02.28,서울 종로구 예정
